acno;domain;interval
A0A068A244;['PF02876', 'PF01123'];[[147,254],[49,137]]
A0A075M4C7;['PF01123', 'PF02876'];[[78,166],[176,283]]
A0A076KXB2;['PF01123'];[[24,101]]
A0A077UHQ7;['PF01123', 'PF02876'];[[51,133],[143,248]]
A0A077UK19;['PF02876', 'PF01123'];[[168,258],[41,137]]
A0A077UKB1;['PF01123', 'PF02876'];[[56,132],[145,226]]
A0A077UL65;['PF09199'];[[42,123]]
A0A077UL71;['PF09199', 'PF02876'];[[45,126],[154,204]]
A0A077ULR8;['PF09199'];[[129,213]]
A0A077UMX3;['PF01123', 'PF02876'];[[31,105],[117,222]]
A0A077UND2;['PF09199', 'PF02876'];[[44,123],[153,214]]
A0A077UNJ2;['PF09199'];[[46,128]]
A0A077VMI1;['PF09199'];[[42,126]]
A0A077VML6;['PF09199', 'PF02876'];[[45,126],[156,207]]
A0A097KJ70;['PF02876'];[[28,110]]
A0A0A0R6J3;['PF01123'];[[61,147]]
A0A0B4ZSC0;['PF02876', 'PF01123'];[[131,210],[16,104]]
A0A0B4ZZ08;['PF01123', 'PF02876'];[[18,106],[133,206]]
A0A0D3Q4F9;['PF09199', 'PF02876'];[[45,126],[155,207]]
A0A0D6G9V6;['PF09199', 'PF02876'];[[45,126],[158,207]]
A0A0D6GBK0;['PF09199'];[[42,126]]
A0A0D6GBP6;['PF09199'];[[41,124]]
A0A0E0VL48;['PF09199'];[[160,243]]
A0A0E0VL53;['PF09199'];[[44,126]]
A0A0E0VL58;['PF09199', 'PF02876'];[[41,120],[150,195]]
A0A0E0VLE5;['PF09199'];[[133,217]]
A0A0E0VLF0;['PF09199'];[[44,123]]
A0A0E0VLY1;['PF09199'];[[51,133]]
A0A0E0VMM3;['PF02876', 'PF09199'];[[158,207],[45,126]]
A0A0E0VMW5;['PF09199'];[[46,128]]
A0A0E1EM30;['PF02876', 'PF01123'];[[145,248],[50,135]]
A0A0E1ENK6;['PF02876', 'PF01123'];[[154,257],[49,141]]
A0A0E1VJ72;['PF01123'];[[50,133]]
A0A0E1VL43;['PF09199', 'PF02876'];[[44,126],[154,202]]
A0A0E1VL63;['PF09199'];[[110,193]]
A0A0E1VL68;['PF09199'];[[51,133]]
A0A0E1VL71;['PF09199', 'PF02876'];[[44,123],[153,203]]
A0A0E1VL76;['PF09199'];[[41,123]]
A0A0E1VN94;['PF09199'];[[41,124]]
A0A0E1VNA6;['PF09199'];[[42,126]]
A0A0E1VNB8;['PF02876', 'PF09199'];[[155,207],[45,126]]
A0A0E1VNR9;['PF09199'];[[46,125]]
A0A0E1VR88;['PF01123', 'PF02876'];[[52,140],[150,257]]
A0A0E1VVJ4;['PF02876', 'PF09199'];[[158,207],[45,126]]
A0A0E1X400;['PF01123', 'PF02876'];[[44,132],[145,248]]
A0A0E1X454;['PF01123', 'PF02876'];[[32,107],[118,237]]
A0A0E1X4W7;['PF02876', 'PF01123'];[[143,167],[51,133]]
A0A0E1X626;['PF02876', 'PF01123'];[[168,258],[41,137]]
A0A0E1X6H0;['PF02876', 'PF01123'];[[149,253],[56,136]]
A0A0E1X6H5;['PF01123', 'PF02876'];[[49,139],[151,255]]
A0A0E1X9I7;['PF09199'];[[44,123]]
A0A0E1X9J1;['PF09199'];[[155,238]]
A0A0E1X9L6;['PF09199'];[[46,128]]
A0A0E1XB85;['PF09199'];[[136,220]]
A0A0E1XBT5;['PF02876', 'PF09199'];[[158,207],[45,126]]
A0A0E1XBT8;['PF09199'];[[42,127]]
A0A0E1XJU1;['PF09199'];[[44,125]]
A0A0E1XJU6;['PF09199'];[[45,126]]
A0A0E1XJV2;['PF09199'];[[41,123]]
A0A0E3Z7F5;['PF02876', 'PF01123'];[[147,254],[49,137]]
A0A0H2UXQ2;['PF02876'];[[23,129]]
A0A0H2WVH1;['PF01123', 'PF02876'];[[32,108],[118,237]]
A0A0H2WWN7;['PF02876', 'PF01123'];[[117,237],[31,106]]
A0A0H2WXV8;['PF09199'];[[121,205]]
A0A0H2XFV8;['PF01123', 'PF02876'];[[32,108],[118,237]]
A0A0H3BYK4;['PF01123', 'PF02876'];[[35,114],[132,231]]
A0A0H3C0C2;['PF01123', 'PF02876'];[[42,124],[132,236]]
A0A0H3JJU1;['PF09199'];[[170,253]]
A0A0H3JJU5;['PF09199', 'PF02876'];[[45,126],[158,207]]
A0A0H3JJV0;['PF09199'];[[41,121]]
A0A0H3JKU0;['PF09199'];[[42,126]]
A0A0H3JKU4;['PF09199', 'PF02876'];[[45,126],[155,207]]
A0A0H3JLI1;['PF01123', 'PF02876'];[[28,105],[115,234]]
A0A0H3JMK5;['PF01123', 'PF02876'];[[32,107],[118,237]]
A0A0H3JNB4;['PF01123', 'PF02876'];[[32,108],[120,238]]
A0A0H3JNR1;['PF09199'];[[104,189]]
A0A0H3JQD5;['PF09199'];[[41,123]]
A0A0H3JQM6;['PF02876', 'PF01123'];[[152,255],[51,139]]
A0A0H3JQN2;['PF02876', 'PF01123'];[[154,259],[68,142]]
A0A0H3JQX0;['PF01123', 'PF02876'];[[52,140],[150,257]]
A0A0H3JRP4;['PF01123'];[[69,152]]
A0A0H3JSF2;['PF02876', 'PF01123'];[[150,257],[52,140]]
A0A0H3JSX3;['PF09199', 'PF02876'];[[44,126],[154,203]]
A0A0H3JUI9;['PF09199'];[[42,126]]
A0A0H3JUJ3;['PF02876', 'PF09199'];[[154,202],[44,126]]
A0A0H3JUZ9;['PF09199'];[[41,123]]
A0A0H3JV02;['PF09199'];[[41,124]]
A0A0H3JV60;['PF02876', 'PF01123'];[[160,261],[50,144]]
A0A0H3JVL2;['PF09199'];[[128,212]]
A0A0H3JVL7;['PF09199', 'PF02876'];[[45,126],[158,207]]
A0A0H3JX85;['PF02876', 'PF01123'];[[118,237],[32,108]]
A0A0H3JYS1;['PF09199', 'PF02876'];[[45,126],[155,207]]
A0A0H3JZC7;['PF02876', 'PF01123'];[[120,238],[32,108]]
A0A0H3K0E0;['PF01123', 'PF02876'];[[29,112],[122,227]]
A0A0H3K0Z9;['PF02876', 'PF01123'];[[117,237],[31,106]]
A0A0H3K1X8;['PF09199'];[[46,128]]
A0A0H3K1Y2;['PF09199', 'PF02876'];[[44,123],[153,203]]
A0A0H3K6Z6;['PF09199'];[[46,128]]
A0A0H3K6Z9;['PF09199', 'PF02876'];[[44,123],[153,203]]
A0A0H3KAV3;['PF09199'];[[41,123]]
A0A0H3KEE1;['PF09199'];[[170,253]]
A0A0H3KEE4;['PF02876', 'PF09199'];[[160,212],[50,131]]
A0A0H3KEE7;['PF09199', 'PF02876'];[[41,119],[147,190]]
A0A0H3KHN8;['PF02876', 'PF01123'];[[147,254],[49,137]]
A0A0H3WBF3;['PF02876', 'PF01123'];[[132,240],[34,122]]
A0A0K0VG07;['PF02876', 'PF01123'];[[36,133],[1,26]]
A0A0K2D4D1;['PF02876', 'PF01123'];[[115,210],[23,102]]
A0A0M4V7H3;['PF09199'];[[42,125]]
A0A0N7KC19;['PF02876', 'PF01123'];[[57,169],[3,47]]
A0A0N9QEJ9;['PF02876', 'PF01123'];[[169,256],[47,143]]
A0A0P0UW68;['PF02876'];[[17,108]]
A0A0P0UW76;['PF01123', 'PF02876'];[[44,132],[145,239]]
A0A0P0UWT4;['PF02876'];[[17,136]]
A0A0S1LGJ5;['PF01123', 'PF02876'];[[50,144],[160,261]]
A0A0S1NFX0;['PF01123', 'PF02876'];[[6,94],[104,163]]
A0A0U1ME09;['PF02876', 'PF09199'];[[157,200],[45,125]]
A0A0U1MM76;['PF01123', 'PF02876'];[[51,133],[143,248]]
A0A0U1MPC1;['PF01123', 'PF02876'];[[74,148],[160,265]]
A0A0U1MQQ4;['PF02876', 'PF01123'];[[116,234],[28,105]]
A0A0U1MSV1;['PF02876', 'PF01123'];[[154,254],[53,142]]
A0A0U1MTA4;['PF02876', 'PF01123'];[[151,256],[50,140]]
A0A0U1MX17;['PF09199'];[[42,127]]
A0A0U1MX29;['PF09199'];[[44,126]]
A0A0U1MX36;['PF09199'];[[155,238]]
A0A0U1MX46;['PF02876', 'PF09199'];[[158,206],[45,126]]
A0A0U1MXP1;['PF09199'];[[93,177]]
A0A0U1MXP7;['PF09199'];[[44,123]]
A0A0U1MXX1;['PF09199'];[[41,123]]
A0A0U1MXX7;['PF09199'];[[46,128]]
A0A0U2LQ33;['PF02876', 'PF01123'];[[171,261],[50,144]]
A0A0U5AY67;['PF02876'];[[26,145]]
A0A0U5BCK5;['PF01123'];[[16,110]]
A0A0Y8YX09;['PF01123', 'PF02876'];[[32,108],[118,237]]
A0A133PUT4;['PF09199'];[[26,109]]
A0A133PUU7;['PF09199'];[[51,133]]
A0A133PUU8;['PF09199'];[[126,210]]
A0A133PUV0;['PF09199', 'PF02876'];[[43,125],[152,201]]
A0A140EHH9;['PF01123', 'PF02876'];[[32,129],[141,203]]
A0A140EHI3;['PF02876', 'PF01123'];[[138,199],[29,126]]
A0A140EHI4;['PF02876', 'PF01123'];[[131,175],[22,119]]
A0A140EHI5;['PF01123', 'PF02876'];[[15,112],[124,195]]
A0A140HEY1;['PF01123', 'PF02876'];[[32,107],[118,237]]
A0A140JWZ2;['PF02876', 'PF01123'];[[132,203],[46,120]]
A0A143P8S7;['PF09199', 'PF02876'];[[63,146],[171,229]]
A0A161G0V3;['PF02876', 'PF01123'];[[120,238],[32,108]]
A0A172PYN3;['PF02876', 'PF01123'];[[71,163],[17,62]]
A0A1B1WAI9;['PF02876', 'PF01123'];[[117,237],[31,106]]
A0A1I9K7A4;['PF01123'];[[17,92]]
A0A1I9K8N0;['PF02876'];[[29,131]]
A0A1L7NZR1;['PF01123'];[[8,84]]
A0A1W6BMC0;['PF09199'];[[43,122]]
A0A1W6BN67;['PF09199'];[[41,123]]
A0A1W6BND8;['PF09199'];[[42,124]]
A0A1W6BPK3;['PF01123', 'PF02876'];[[56,154],[165,269]]
A0A1W6DZZ7;['PF02876', 'PF01123'];[[121,240],[35,111]]
A0A220QKE7;['PF01123', 'PF02876'];[[34,117],[127,232]]
A0A220QKE8;['PF01123', 'PF02876'];[[50,133],[143,248]]
A0A220QKG4;['PF02876', 'PF01123'];[[127,232],[35,117]]
A0A220QKJ1;['PF02876', 'PF01123'];[[143,248],[50,133]]
A0A249Y753;['PF02876'];[[8,110]]
A0A286N637;['PF02876', 'PF01123'];[[154,241],[30,124]]
A0A2A4GUR5;['PF02876', 'PF01123'];[[167,269],[58,152]]
A0A2A4H0N3;['PF09199', 'PF02876'];[[43,126],[139,204]]
A0A2A4HCX8;['PF01123', 'PF02876'];[[50,141],[154,258]]
A0A2A4HGX8;['PF09199', 'PF02876'];[[43,126],[142,202]]
A0A2C9TKT0;['PF02876', 'PF09199'];[[153,200],[44,123]]
A0A2D1GVG5;['PF02876', 'PF01123'];[[121,230],[35,111]]
A0A2K3ZA13;['PF01123', 'PF02876'];[[30,121],[139,236]]
A0A2K3ZDQ2;['PF02876', 'PF01123'];[[164,269],[56,154]]
A0A2K4AF48;['PF01123', 'PF02876'];[[50,136],[148,253]]
A0A2K4AF78;['PF01123', 'PF02876'];[[45,122],[132,251]]
A0A2K4AF87;['PF01123', 'PF02876'];[[32,107],[118,237]]
A0A2K4AF88;['PF02876', 'PF01123'];[[145,246],[40,132]]
A0A2K4AF99;['PF02876', 'PF01123'];[[168,258],[41,137]]
A0A2K4AFF8;['PF01123', 'PF02876'];[[57,132],[145,248]]
A0A2K4AG21;['PF01123', 'PF02876'];[[28,105],[115,234]]
A0A2K4AIR5;['PF09199'];[[41,123]]
A0A2K4AIR6;['PF09199'];[[42,126]]
A0A2K4AIS5;['PF02876', 'PF09199'];[[145,198],[43,123]]
A0A2K4AIS9;['PF09199'];[[41,124]]
A0A2K4AIU6;['PF09199'];[[129,213]]
A0A2K4AIV3;['PF09199', 'PF02876'];[[44,126],[154,204]]
A0A2K4AJ39;['PF09199', 'PF02876'];[[45,126],[156,207]]
A0A2K4AJ53;['PF09199', 'PF02876'];[[44,123],[153,214]]
A0A2K4AJV4;['PF09199'];[[46,128]]
A0A2R4NHP6;['PF02876', 'PF01123'];[[145,246],[40,132]]
A0A2R4NHQ0;['PF02876', 'PF01123'];[[123,242],[36,113]]
A0A2R4NHR4;['PF02876', 'PF01123'];[[123,242],[36,113]]
A0A2S1FUJ0;['PF02876', 'PF09199'];[[153,203],[44,123]]
A0A2S1FUJ1;['PF09199'];[[45,126]]
A0A2S1FUJ3;['PF02876', 'PF09199'];[[154,202],[44,126]]
A0A2S1FUJ5;['PF09199', 'PF02876'];[[45,126],[155,207]]
A0A2S1PVG6;['PF01123'];[[2,78]]
A0A2S1XZ61;['PF02876', 'PF01123'];[[131,234],[23,117]]
A0A2S1XZA7;['PF01123', 'PF02876'];[[6,82],[92,211]]
A0A2S6D5V9;['PF09199', 'PF02876'];[[45,126],[158,207]]
A0A2S6D5Z6;['PF09199'];[[46,128]]
A0A2S6D5Z8;['PF09199'];[[41,124]]
A0A2S6D618;['PF09199', 'PF02876'];[[44,126],[153,202]]
A0A2S6D673;['PF09199'];[[92,176]]
A0A2S6D6A0;['PF09199'];[[41,121]]
A0A2S6D963;['PF01123', 'PF02876'];[[44,132],[145,248]]
A0A2S6DG14;['PF09199'];[[41,123]]
A0A2S6DG26;['PF09199'];[[155,238]]
A0A2S6DKH8;['PF01123', 'PF02876'];[[35,116],[127,232]]
A0A2S6DRH3;['PF09199'];[[128,212]]
A0A2S6DRH9;['PF09199'];[[46,128]]
A0A2T4MC55;['PF01123', 'PF02876'];[[48,134],[145,251]]
A0A2T4MCJ6;['PF09199'];[[54,134]]
A0A2T4MCJ7;['PF09199'];[[47,124]]
A0A2T4MCR2;['PF01123', 'PF02876'];[[61,145],[156,261]]
A0A2T4MCR4;['PF02876', 'PF01123'];[[147,254],[51,137]]
A0A2T4MCR6;['PF01123', 'PF02876'];[[74,154],[165,269]]
A0A2T4MCS0;['PF02876', 'PF01123'];[[134,235],[48,122]]
A0A2T4MCS3;['PF01123', 'PF02876'];[[52,141],[152,257]]
A0A2T4MCT6;['PF02876', 'PF01123'];[[148,253],[62,138]]
A0A2T4MCV7;['PF02876', 'PF01123'];[[132,250],[46,122]]
A0A2T4MD00;['PF02876', 'PF09199'];[[157,208],[46,122]]
A0A2T4MDX6;['PF09199', 'PF02876'];[[63,139],[166,219]]
A0A2T4ME11;['PF09199'];[[47,127]]
A0A2T4MN31;['PF09199'];[[47,125]]
A0A2T4MP65;['PF09199'];[[60,140]]
A0A2T4MQU6;['PF02876', 'PF09199'];[[157,242],[63,142]]
A0A2X2JRX1;['PF09199', 'PF02876'];[[45,126],[158,207]]
A0A2X2JZL0;['PF02876'];[[51,141]]
A0A2X2K476;['PF02876'];[[33,152]]
A0A2X2M2N4;['PF02876'];[[18,122]]
A0A2X3U5V2;['PF02876', 'PF01123'];[[131,234],[36,117]]
A0A2Z4N9M6;['PF09199'];[[42,126]]
A0A2Z4N9N1;['PF09199', 'PF02876'];[[44,126],[154,202]]
A0A2Z4N9P0;['PF09199'];[[77,161]]
A0A2Z5WA45;['PF01123', 'PF02876'];[[50,147],[159,261]]
A0A2Z5WA48;['PF01123', 'PF02876'];[[28,105],[115,234]]
A0A2Z5WA49;['PF02876', 'PF01123'];[[133,236],[32,120]]
A0A2Z5WA50;['PF01123', 'PF02876'];[[32,107],[118,237]]
A0A2Z5WA65;['PF01123', 'PF02876'];[[41,132],[163,253]]
A0A2Z5WA71;['PF01123', 'PF02876'];[[56,136],[148,253]]
A0A2Z6BCC6;['PF02876', 'PF01123'];[[120,238],[32,108]]
A0A317YS61;['PF02876', 'PF09199'];[[158,204],[43,126]]
A0A317YT41;['PF01123', 'PF02876'];[[50,144],[159,261]]
A0A345AMG0;['PF09199'];[[41,123]]
A0A345AMG2;['PF09199'];[[170,253]]
A0A345AMG4;['PF09199'];[[77,161]]
A0A345AMG5;['PF09199'];[[46,128]]
A0A345AMH0;['PF02876', 'PF09199'];[[158,207],[45,126]]
A0A345AMH4;['PF09199', 'PF02876'];[[44,124],[146,199]]
A0A345AQ62;['PF02876', 'PF01123'];[[112,220],[14,102]]
A0A380DJG7;['PF02876', 'PF09199'];[[153,203],[44,123]]
A0A380DJH0;['PF09199', 'PF02876'];[[45,126],[147,201]]
A0A380DKD5;['PF09199', 'PF02876'];[[45,126],[156,207]]
A0A380DL12;['PF09199'];[[183,266]]
A0A380DLL2;['PF09199'];[[81,165]]
A0A380DLU8;['PF09199', 'PF02876'];[[71,152],[184,233]]
A0A380DLV8;['PF09199'];[[41,123]]
A0A380DV49;['PF01123', 'PF02876'];[[2,66],[76,181]]
A0A380DWS3;['PF02876', 'PF01123'];[[157,258],[41,137]]
A0A380DWV1;['PF02876'];[[18,136]]
A0A380DX37;['PF01123', 'PF02876'];[[62,136],[148,253]]
A0A380E343;['PF02876', 'PF01123'];[[145,246],[40,132]]
A0A380E391;['PF01123', 'PF02876'];[[28,105],[115,234]]
A0A380E393;['PF01123', 'PF02876'];[[62,136],[148,253]]
A0A380E3G2;['PF02876', 'PF01123'];[[143,248],[51,133]]
A0A380E5I9;['PF02876', 'PF01123'];[[103,222],[16,93]]
A0A380E5L8;['PF01123', 'PF02876'];[[44,132],[145,248]]
A0A380E5N4;['PF02876', 'PF01123'];[[118,237],[32,107]]
A0A380EDP2;['PF09199'];[[170,253]]
A0A380EFZ2;['PF09199'];[[41,124]]
A0A380EG79;['PF09199'];[[42,126]]
A0A380EIJ0;['PF02876', 'PF01123'];[[127,153],[34,117]]
A0A380F6N9;['PF02876', 'PF09199'];[[173,229],[63,146]]
A0A380G2S4;['PF02876', 'PF09199'];[[156,204],[43,126]]
A0A380GBU3;['PF01123', 'PF02876'];[[50,143],[160,261]]
A0A380JN30;['PF02876', 'PF01123'];[[131,234],[36,117]]
A0A380JX26;['PF02876', 'PF01123'];[[171,252],[56,144]]
A0A386IPX0;['PF02876', 'PF01123'];[[159,261],[50,147]]
A0A386IQ28;['PF01123', 'PF02876'];[[36,124],[137,240]]
A0A386IQ30;['PF01123', 'PF02876'];[[15,90],[101,193]]
A0A386IQ53;['PF02876', 'PF01123'];[[115,234],[28,105]]
A0A386IQA6;['PF01123', 'PF02876'];[[33,123],[135,225]]
A0A386IQC2;['PF01123', 'PF02876'];[[36,130],[144,213]]
A0A3D8YJ85;['PF02876'];[[2,87]]
A0A3D8YKK6;['PF01123'];[[20,108]]
A0A3D8YP61;['PF02876', 'PF01123'];[[159,261],[50,144]]
A0A3D8Z9T8;['PF09199'];[[43,126]]
A0A3G1DLB2;['PF01123', 'PF02876'];[[50,144],[160,261]]
A0A3G1DLB5;['PF01123', 'PF02876'];[[51,137],[148,255]]
A0A3S4MQE4;['PF09199', 'PF02876'];[[43,126],[146,202]]
A0A3T1FZP2;['PF02876', 'PF01123'];[[162,230],[45,133]]
A0A3T1FZP6;['PF02876', 'PF01123'];[[162,230],[45,133]]
A0A3T1FZP8;['PF02876', 'PF01123'];[[177,245],[62,148]]
A0A3T1FZP9;['PF02876', 'PF01123'];[[162,230],[45,133]]
A0A3T1FZQ2;['PF02876', 'PF01123'];[[117,221],[26,104]]
A0A3T1FZQ4;['PF01123', 'PF02876'];[[26,104],[117,221]]
A0A3T1FZQ9;['PF02876', 'PF01123'];[[117,221],[26,104]]
A0A3T1FZS0;['PF02876', 'PF01123'];[[162,230],[45,133]]
A0A3T1FZS1;['PF01123', 'PF02876'];[[52,138],[167,235]]
A0A3T1FZS3;['PF01123', 'PF02876'];[[45,133],[162,230]]
A0A3T1FZS8;['PF02876', 'PF01123'];[[117,221],[26,102]]
A0A3T1FZT3;['PF02876', 'PF01123'];[[162,230],[45,132]]
A0A3T1FZT8;['PF02876', 'PF01123'];[[162,230],[45,133]]
A0A3T1FZW0;['PF02876', 'PF01123'];[[162,230],[45,133]]
A0A3T1FZW7;['PF02876', 'PF01123'];[[162,230],[45,133]]
A0A3T1FZY2;['PF02876', 'PF01123'];[[182,250],[67,153]]
A0A3T1FZY3;['PF02876', 'PF01123'];[[117,221],[26,104]]
A0A418JGQ1;['PF01123', 'PF02876'];[[61,137],[147,252]]
A0A418JI06;['PF01123', 'PF02876'];[[57,155],[166,270]]
A0A418JIP8;['PF01123', 'PF02876'];[[27,104],[115,217]]
A0A418JIQ0;['PF01123', 'PF02876'];[[27,103],[114,233]]
A0A418JIT7;['PF01123', 'PF02876'];[[46,136],[146,250]]
A0A418JIV6;['PF02876', 'PF09199'];[[157,208],[46,122]]
A0A418JIV7;['PF02876', 'PF01123'];[[140,242],[32,127]]
A0A418JJL5;['PF09199', 'PF02876'];[[47,127],[161,212]]
A0A418JJM0;['PF09199'];[[47,122]]
A0A418JJM4;['PF09199'];[[60,140]]
A0A418JJM9;['PF09199'];[[70,146]]
A0A418JJQ4;['PF09199'];[[47,128]]
A0A448CXG5;['PF02876', 'PF01123'];[[140,245],[42,128]]
A0A454H301;['PF09199'];[[41,123]]
A0A493QYF9;['PF01123'];[[17,114]]
A0A499S7K4;['PF02876', 'PF01123'];[[151,256],[50,140]]
A0A499SAB7;['PF02876', 'PF01123'];[[158,265],[61,147]]
A0A4D6A1Y3;['PF01123', 'PF02876'];[[42,126],[135,254]]
A0A4D6A203;['PF02876', 'PF01123'];[[132,236],[42,124]]
A0A4D6AC67;['PF01123', 'PF02876'];[[42,124],[132,236]]
A0A4D6AD09;['PF01123', 'PF02876'];[[35,115],[132,231]]
A0A4D6AFP8;['PF02876', 'PF01123'];[[131,233],[39,118]]
A0A4D6AFU0;['PF01123', 'PF02876'];[[42,126],[135,254]]
A0A4D6AGR2;['PF01123', 'PF02876'];[[42,126],[135,254]]
A0A4D6AH92;['PF02876', 'PF01123'];[[145,248],[50,135]]
A0A4D6AS46;['PF01123', 'PF02876'];[[59,148],[158,246]]
A0A4D6B673;['PF01123', 'PF02876'];[[59,148],[158,246]]
A0A4D6B7G7;['PF02876', 'PF01123'];[[149,230],[34,122]]
A0A4D6B8Y4;['PF02876', 'PF01123'];[[158,246],[59,148]]
A0A4D6B959;['PF02876', 'PF01123'];[[171,244],[56,144]]
A0A4V0CA14;['PF01123', 'PF02876'];[[35,115],[132,231]]
A0A4Y5QUW1;['PF01123'];[[18,106]]
A0A4Y6A7K6;['PF02876', 'PF01123'];[[146,253],[48,136]]
A0A509DKS3;['PF01123', 'PF02876'];[[35,115],[132,231]]
A0A517JZ87;['PF01123', 'PF02876'];[[28,105],[115,151]]
A0A5C8XCS8;['PF09199', 'PF02876'];[[44,126],[154,203]]
A0A5J6VMT3;['PF01123', 'PF02876'];[[40,132],[145,246]]
A0A5P6A8A0;['PF02876', 'PF01123'];[[169,256],[47,143]]
A0A5P6A8I4;['PF01123', 'PF02876'];[[18,114],[140,196]]
A0A5P8FQT1;['PF02876', 'PF01123'];[[116,234],[28,105]]
A0A5P8FQY4;['PF01123', 'PF02876'];[[49,139],[151,255]]
A0A5P8FS80;['PF02876', 'PF01123'];[[145,248],[44,132]]
A0A5P8FS89;['PF02876', 'PF01123'];[[117,236],[30,107]]
A0A5P8FSD1;['PF01123', 'PF02876'];[[68,142],[154,259]]
A0A5Q2S6F8;['PF02876', 'PF01123'];[[132,231],[35,115]]
A0A5S4TF96;['PF01123', 'PF02876'];[[34,117],[126,232]]
A0A5S9C380;['PF09199', 'PF02876'];[[44,126],[154,203]]
A0A5S9C385;['PF09199'];[[41,123]]
A0A5S9C3J9;['PF09199'];[[98,182]]
A0A5S9C5C2;['PF09199'];[[42,127]]
A0A5S9C5E6;['PF09199'];[[165,248]]
A0A5S9ETA0;['PF09199'];[[45,126]]
A0A5S9ETH0;['PF09199'];[[44,123]]
A0A5S9I2G1;['PF01123', 'PF02876'];[[47,143],[169,256]]
A0A5S9I3A8;['PF09199'];[[46,128]]
A0A5S9I4I5;['PF01123', 'PF02876'];[[51,133],[143,248]]
A0A641A9R9;['PF02876'];[[2,100]]
A0A650GBX1;['PF01123'];[[49,139]]
A0A650GCF1;['PF01123'];[[49,139]]
A0A650GCI4;['PF01123'];[[49,139]]
A0A650GQ71;['PF01123'];[[49,139]]
A0A660A451;['PF02876', 'PF01123'];[[125,231],[33,116]]
A0A660A5R8;['PF02876'];[[4,105]]
A0A6A8FA68;['PF09199'];[[46,128]]
A0A6A8FAR2;['PF02876', 'PF01123'];[[145,250],[53,135]]
A0A6A8FCH8;['PF09199'];[[155,238]]
A0A6A8FWB6;['PF09199'];[[46,128]]
A0A6A8G1J3;['PF01123', 'PF02876'];[[32,107],[118,164]]
A0A6A8G364;['PF01123', 'PF02876'];[[49,139],[151,221]]
A0A6A8G3T8;['PF02876', 'PF01123'];[[145,246],[44,132]]
A0A6A9GWX3;['PF09199'];[[160,244]]
A0A6A9GYG1;['PF02876', 'PF01123'];[[143,248],[50,133]]
A0A6A9H1G3;['PF02876', 'PF09199'];[[153,202],[44,125]]
A0A6A9H402;['PF09199'];[[170,253]]
A0A6A9H420;['PF09199', 'PF02876'];[[45,126],[147,201]]
A0A6B0BED8;['PF01123', 'PF02876'];[[51,133],[143,190]]
A0A6B0CMI7;['PF09199'];[[44,126]]
A0A6B0CYX6;['PF02876', 'PF01123'];[[109,228],[22,99]]
A0A6B0D588;['PF09199', 'PF02876'];[[44,126],[154,203]]
A0A6B1RHA6;['PF09199', 'PF02876'];[[45,126],[158,207]]
A0A6B1RMK9;['PF09199', 'PF02876'];[[45,126],[156,207]]
A0A6B1RPF4;['PF09199'];[[42,126]]
A0A6B1RU70;['PF09199'];[[46,128]]
A0A6B1RX78;['PF09199'];[[41,123]]
A0A6B2IY43;['PF01123', 'PF02876'];[[54,137],[147,252]]
A0A6B3IQZ8;['PF09199'];[[111,195]]
A0A6B3J6Y8;['PF09199'];[[170,253]]
A0A6B5BGT1;['PF01123', 'PF02876'];[[51,132],[143,248]]
A0A6B5DKI0;['PF01123', 'PF02876'];[[56,107],[118,237]]
A0A6B5F460;['PF09199'];[[183,266]]
A0A6B5HHJ7;['PF01123', 'PF02876'];[[28,105],[116,234]]
A0A6B5IFP1;['PF09199'];[[41,120]]
A0A6B5RL83;['PF09199'];[[170,253]]
A0A6C0MY76;['PF02876', 'PF01123'];[[147,195],[49,137]]
A0A6C1ZZA1;['PF09199'];[[170,253]]
A0A6F8PZG8;['PF01123', 'PF02876'];[[35,111],[123,241]]
A0A6G4ITC8;['PF02876', 'PF01123'];[[127,228],[38,115]]
A0A6G4J6P7;['PF02876', 'PF09199'];[[110,162],[2,80]]
A0A6G4JC16;['PF09199'];[[1,79]]
A0A6G4JLF4;['PF01123', 'PF02876'];[[68,142],[154,218]]
A0A6G4N3X5;['PF09199'];[[24,108]]
A0A6G4N3Y9;['PF09199', 'PF02876'];[[45,126],[155,187]]
A0A6G4N6K6;['PF09199'];[[41,123]]
A0A6G4N799;['PF02876', 'PF09199'];[[153,196],[44,123]]
A0A6G4Q5Y6;['PF01123', 'PF02876'];[[51,133],[143,248]]
A0A6G4Q605;['PF02876', 'PF01123'];[[145,244],[44,132]]
A0A6G4QG61;['PF09199'];[[46,128]]
A0A6G4Z310;['PF09199'];[[46,128]]
A0A6G4Z6S8;['PF02876', 'PF01123'];[[154,254],[68,142]]
A0A6G8KLL6;['PF09199'];[[45,126]]
A0A6M1F649;['PF02876', 'PF01123'];[[145,248],[44,132]]
A0A6M6A6H8;['PF02876', 'PF01123'];[[143,248],[51,133]]
A0A6M8AV46;['PF02876', 'PF01123'];[[143,248],[50,133]]
A0A6M8AW66;['PF01123', 'PF02876'];[[52,135],[145,250]]
A0A6M8AXH5;['PF01123', 'PF02876'];[[47,143],[169,256]]
A0A6M8B0D4;['PF02876', 'PF01123'];[[169,256],[47,143]]
A0A6M8B1R6;['PF01123', 'PF02876'];[[52,135],[145,250]]
A0A6N0C5I0;['PF02876', 'PF01123'];[[127,232],[35,117]]
A0A6P1X2F1;['PF01123', 'PF02876'];[[51,144],[160,262]]
A0A7D4VY31;['PF01123'];[[20,114]]
A0A7D4VY51;['PF02876'];[[29,131]]
A0A7H9C1A9;['PF09199'];[[62,146]]
A0A7H9C979;['PF09199'];[[51,133]]
A0A7H9CGL0;['PF02876', 'PF01123'];[[120,239],[34,110]]
A0A7K3N8E3;['PF09199'];[[41,124]]
A0A7R6NTF2;['PF09199'];[[126,210]]
A0A7R6NV04;['PF09199'];[[51,133]]
A0A7R6NYC2;['PF02876', 'PF09199'];[[163,212],[50,131]]
A0A7R6NZV8;['PF02876', 'PF09199'];[[158,205],[49,128]]
A0A7R6P0B4;['PF09199', 'PF02876'];[[50,131],[160,212]]
A0A7R6SLP5;['PF09199'];[[46,128]]
A0A7R6SLP7;['PF09199'];[[175,258]]
A0A7R6SMS2;['PF01123'];[[50,133]]
A0A7T7NYB2;['PF09199', 'PF02876'];[[43,126],[157,209]]
A0A7T7SW85;['PF01123', 'PF02876'];[[50,144],[159,261]]
A0A7T7SX89;['PF01123', 'PF02876'];[[32,108],[118,237]]
A0A7U4FKS0;['PF09199'];[[126,210]]
A0A7U7EU28;['PF09199'];[[117,201]]
A0A7U7EX32;['PF09199', 'PF02876'];[[47,128],[157,209]]
A0A7U7EX33;['PF09199'];[[7,90]]
A0A7U7EX48;['PF09199'];[[51,133]]
A0A7U7EXG6;['PF09199'];[[109,194]]
A0A7U7JSK2;['PF09199'];[[42,126]]
A0A7U7JSN3;['PF09199'];[[100,183]]
A0A7U7JSQ0;['PF09199'];[[44,123]]
A0A7U7JSS1;['PF09199'];[[41,123]]
A0A7U7JSW0;['PF09199'];[[44,124]]
A0A7U7JVE4;['PF02876', 'PF01123'];[[145,246],[40,132]]
A0A7U7JVI3;['PF01123', 'PF02876'];[[45,122],[132,251]]
A0A7U7PX96;['PF09199'];[[111,195]]
A0A7U7PXD2;['PF09199'];[[46,128]]
A0A7U7PY43;['PF09199', 'PF02876'];[[45,126],[149,203]]
A0A7X1T318;['PF01123'];[[31,106]]
A0A7Z1N3Z6;['PF09199', 'PF02876'];[[45,126],[156,207]]
A0A7Z1SBD2;['PF01123', 'PF02876'];[[34,117],[127,232]]
A0A7Z7QD55;['PF09199'];[[48,123]]
A0A7Z7QD57;['PF09199'];[[59,139]]
A0A7Z7QD97;['PF09199'];[[46,126]]
A0A7Z7QPA9;['PF02876', 'PF09199'];[[155,207],[42,124]]
A0A7Z7VR82;['PF09199'];[[47,125]]
A0A7Z7VRQ4;['PF02876', 'PF09199'];[[142,227],[48,127]]
A0A7Z7VRW8;['PF09199', 'PF02876'];[[47,125],[134,199]]
A0A811FU91;['PF09199'];[[39,122]]
A0A844QQP7;['PF09199'];[[104,188]]
A0A846S6I8;['PF02876', 'PF09199'];[[161,209],[47,124]]
A0A846S8G0;['PF09199'];[[47,122]]
A0A846S990;['PF09199'];[[60,140]]
A0A853PE39;['PF09199'];[[42,127]]
A0A858QUF5;['PF01123', 'PF02876'];[[35,115],[132,231]]
A0A8A4XF24;['PF02876'];[[12,105]]
A0A8B6J231;['PF02876', 'PF01123'];[[132,231],[35,115]]
A0A8D4TQB0;['PF01123', 'PF02876'];[[50,140],[151,256]]
A0A8D9W4Z1;['PF01123', 'PF02876'];[[28,105],[116,234]]
A0A8D9W6K0;['PF09199'];[[115,199]]
A0A8F2YHG8;['PF01123', 'PF02876'];[[2,99],[111,173]]
A0A8F2YHH3;['PF01123', 'PF02876'];[[2,99],[111,173]]
A0A8F2Z1W4;['PF01123', 'PF02876'];[[2,99],[111,158]]
A0A8F2Z208;['PF01123', 'PF02876'];[[2,99],[111,158]]
A0A8F3BYK5;['PF02876', 'PF01123'];[[111,173],[2,99]]
A0A8F3BYW9;['PF02876', 'PF01123'];[[112,173],[2,99]]
A0A8F3C0E3;['PF01123', 'PF02876'];[[2,99],[112,168]]
A0A8G2HW27;['PF01123', 'PF02876'];[[28,105],[116,234]]
A0A8G2HW32;['PF02876', 'PF01123'];[[118,237],[32,108]]
A0A8G2HWI3;['PF02876', 'PF01123'];[[143,248],[50,133]]
A0A8G2HX54;['PF02876', 'PF01123'];[[149,253],[57,136]]
A0A8G2HXQ4;['PF01123'];[[44,132]]
A0A8G2HXZ0;['PF01123', 'PF02876'];[[3,55],[67,171]]
A0A8G2HYL6;['PF09199', 'PF02876'];[[44,124],[144,197]]
A0A8G2HYR7;['PF09199', 'PF02876'];[[45,126],[158,206]]
A0A8G2HZ79;['PF01123', 'PF02876'];[[45,122],[134,235]]
A0A8G2I0I3;['PF09199'];[[44,126]]
A0A8G2I0J1;['PF09199'];[[46,128]]
A0A8G2M8A4;['PF09199'];[[219,303]]
A0A8G2M8R5;['PF09199'];[[42,126]]
A0A8G2M9L3;['PF02876', 'PF01123'];[[128,232],[26,116]]
A0A8G2MBH4;['PF02876', 'PF01123'];[[145,248],[44,132]]
A0A8H2N2D5;['PF01123', 'PF02876'];[[35,115],[132,231]]
A0A8H9BYX7;['PF01123', 'PF02876'];[[50,144],[159,261]]
A0A8H9ERL3;['PF09199'];[[43,125]]
A0A8I0Q9Z6;['PF09199'];[[1,78]]
A0A977WM53;['PF02876', 'PF01123'];[[173,280],[75,163]]
A0FI83;['PF01123', 'PF02876'];[[23,120],[132,234]]
A0FI84;['PF02876', 'PF01123'];[[147,249],[38,135]]
A0FI85;['PF02876', 'PF01123'];[[157,259],[48,145]]
A0FI86;['PF01123', 'PF02876'];[[50,147],[159,261]]
A0FKY6;['PF02876', 'PF01123'];[[116,234],[28,105]]
A0FKY7;['PF02876', 'PF01123'];[[163,253],[41,132]]
A1KWT9;['PF01123', 'PF02876'];[[51,129],[140,248]]
A5A500;['PF01123', 'PF02876'];[[9,92],[101,207]]
A5A501;['PF01123', 'PF02876'];[[9,92],[101,207]]
A5A502;['PF02876', 'PF01123'];[[101,207],[9,92]]
A5A503;['PF02876', 'PF01123'];[[101,207],[9,92]]
A5A504;['PF02876', 'PF01123'];[[101,207],[9,92]]
A5A507;['PF01123', 'PF02876'];[[9,92],[101,207]]
A5HJW2;['PF01123', 'PF02876'];[[33,121],[131,239]]
A5HJW3;['PF01123', 'PF02876'];[[33,121],[131,239]]
A5JJ08;['PF02876', 'PF01123'];[[145,248],[44,132]]
A5JJ09;['PF01123', 'PF02876'];[[44,132],[145,248]]
A5X5P4;['PF02876', 'PF01123'];[[49,146],[2,39]]
A5X5P5;['PF01123', 'PF02876'];[[2,39],[49,146]]
A5X5P6;['PF01123', 'PF02876'];[[2,39],[49,146]]
A5X5P7;['PF01123', 'PF02876'];[[2,39],[49,146]]
A5X5P8;['PF01123', 'PF02876'];[[2,39],[49,146]]
A5X5Q0;['PF01123', 'PF02876'];[[2,39],[49,146]]
A5X5Q4;['PF02876', 'PF01123'];[[49,146],[2,39]]
A5X5Q5;['PF01123', 'PF02876'];[[2,39],[49,146]]
A5X5Q9;['PF02876', 'PF01123'];[[49,146],[2,39]]
A5X5R0;['PF01123', 'PF02876'];[[2,39],[49,146]]
A5X5R1;['PF02876', 'PF01123'];[[49,146],[2,39]]
A5X5R3;['PF02876', 'PF01123'];[[49,146],[2,39]]
A5X5R6;['PF01123', 'PF02876'];[[2,39],[49,146]]
A5X5R8;['PF01123', 'PF02876'];[[2,39],[49,146]]
A5X5S0;['PF02876', 'PF01123'];[[49,146],[2,39]]
A5X5S2;['PF02876', 'PF01123'];[[49,146],[2,39]]
A5X5S8;['PF02876', 'PF01123'];[[49,146],[2,39]]
A7E1C4;['PF01123', 'PF02876'];[[23,117],[133,170]]
A7KVC1;['PF02876'];[[6,92]]
A8E1U5;['PF09199', 'PF02876'];[[11,90],[112,165]]
A8E1U6;['PF09199'];[[11,91]]
A9LN29;['PF02876', 'PF01123'];[[118,177],[30,108]]
A9YF45;['PF02876', 'PF01123'];[[132,199],[35,115]]
A9YF52;['PF02876', 'PF01123'];[[103,202],[6,86]]
B0I1V7;['PF02876', 'PF01123'];[[154,254],[53,142]]
B0LVF8;['PF02876'];[[86,192]]
B3Y898;['PF01123', 'PF02876'];[[35,115],[132,206]]
B6D991;['PF02876', 'PF01123'];[[168,224],[41,137]]
B6D993;['PF01123', 'PF02876'];[[41,137],[168,200]]
B6D995;['PF01123', 'PF02876'];[[41,137],[168,218]]
B7XH23;['PF01123', 'PF02876'];[[35,115],[132,207]]
B8Y8C1;['PF02876', 'PF01123'];[[147,254],[49,137]]
B9A7E4;['PF02876', 'PF01123'];[[132,207],[35,115]]
C0STJ9;['PF01123', 'PF02876'];[[50,147],[159,261]]
C5WJA8;['PF01123', 'PF02876'];[[35,115],[132,231]]
C7FFG6;['PF02876', 'PF01123'];[[117,237],[31,106]]
C7G4C4;['PF02876', 'PF01123'];[[132,231],[35,115]]
C9E454;['PF02876', 'PF01123'];[[133,226],[23,117]]
D0EMB3;['PF01123', 'PF02876'];[[25,113],[123,231]]
D0EMB4;['PF02876', 'PF01123'];[[128,233],[42,116]]
D0EMB5;['PF01123', 'PF02876'];[[12,108],[128,229]]
D0EMB6;['PF01123', 'PF02876'];[[24,114],[126,230]]
D0EMB7;['PF01123', 'PF02876'];[[8,83],[94,214]]
D0EZH8;['PF01123'];[[16,96]]
D0EZH9;['PF02876'];[[30,112]]
D2J5W7;['PF01123'];[[51,137]]
D2J5X0;['PF02876', 'PF01123'];[[151,256],[50,140]]
D2J813;['PF01123', 'PF02876'];[[51,137],[148,255]]
D2J8S6;['PF01123', 'PF02876'];[[49,137],[147,254]]
D2J8S9;['PF02876', 'PF01123'];[[154,254],[53,142]]
D2JBQ9;['PF01123', 'PF02876'];[[51,137],[148,255]]
D2JDI2;['PF02876', 'PF01123'];[[119,238],[33,109]]
D3YNW2;['PF01123', 'PF02876'];[[6,82],[92,211]]
E4PYN5;['PF02876', 'PF01123'];[[104,209],[3,93]]
E4PYN9;['PF02876', 'PF01123'];[[48,156],[1,37]]
F2Y3J4;['PF01123', 'PF02876'];[[26,114],[141,203]]
F2Y3J5;['PF01123', 'PF02876'];[[26,114],[141,203]]
F2Y3J6;['PF01123', 'PF02876'];[[26,114],[141,192]]
F2Y3J7;['PF01123'];[[14,103]]
G8I0Y7;['PF02876', 'PF01123'];[[158,197],[50,144]]
H6URY2;['PF02876', 'PF01123'];[[123,231],[25,113]]
I2FJG3;['PF01123', 'PF02876'];[[32,108],[120,238]]
J7M2V0;['PF02876', 'PF01123'];[[124,229],[35,113]]
J7M6W3;['PF01123', 'PF02876'];[[58,141],[150,256]]
K7ZK09;['PF01123', 'PF02876'];[[34,110],[120,239]]
K7ZK17;['PF01123', 'PF02876'];[[50,147],[159,261]]
K7ZN17;['PF02876', 'PF01123'];[[117,237],[31,106]]
K7ZN48;['PF01123', 'PF02876'];[[50,147],[159,261]]
L7S0V3;['PF09199'];[[45,124]]
M4Q066;['PF01123', 'PF02876'];[[50,147],[159,261]]
O05157;['PF01123', 'PF02876'];[[23,117],[134,234]]
O54476;['PF02876', 'PF01123'];[[117,237],[31,106]]
O85217;['PF01123', 'PF02876'];[[49,137],[147,254]]
P01552;['PF01123', 'PF02876'];[[50,147],[159,261]]
P01553;['PF01123', 'PF02876'];[[50,144],[160,261]]
P0A0L2;['PF01123', 'PF02876'];[[49,137],[147,254]]
P0A0L5;['PF02876', 'PF01123'];[[158,261],[50,144]]
P0A0L8;['PF01123', 'PF02876'];[[49,139],[151,255]]
P0A0M0;['PF01123', 'PF02876'];[[45,122],[134,235]]
P0C0I6;['PF02876', 'PF01123'];[[132,236],[42,124]]
P0DG08;['PF01123', 'PF02876'];[[35,115],[132,231]]
P0DJY7;['PF02876', 'PF01123'];[[170,247],[59,135]]
P0DJY8;['PF02876', 'PF01123'];[[145,248],[50,135]]
P12993;['PF02876', 'PF01123'];[[147,254],[49,137]]
P20723;['PF02876', 'PF01123'];[[148,255],[51,137]]
P34071;['PF01123', 'PF02876'];[[50,144],[160,261]]
P97163;['PF01123', 'PF02876'];[[42,127],[137,233]]
Q007A5;['PF01123'];[[28,116]]
Q007A6;['PF02876', 'PF01123'];[[94,143],[8,83]]
Q007A7;['PF01123'];[[28,105]]
Q06531;['PF02876', 'PF01123'];[[131,234],[23,117]]
Q06532;['PF02876', 'PF01123'];[[131,234],[23,117]]
Q06535;['PF02876', 'PF01123'];[[133,234],[23,117]]
Q0PRM7;['PF02876', 'PF01123'];[[118,237],[32,108]]
Q0PRM8;['PF01123', 'PF02876'];[[49,139],[151,255]]
Q199U3;['PF01123', 'PF02876'];[[23,120],[132,234]]
Q1JIS3;['PF01123', 'PF02876'];[[35,115],[132,231]]
Q1JJS8;['PF02876', 'PF01123'];[[150,256],[58,141]]
Q1JNM7;['PF01123', 'PF02876'];[[35,115],[132,231]]
Q2G0X7;['PF09199'];[[170,253]]
Q2G1S8;['PF09199'];[[121,205]]
Q2G2Y0;['PF09199', 'PF02876'];[[44,126],[153,202]]
Q2WBR3;['PF02876', 'PF01123'];[[147,249],[38,135]]
Q48R63;['PF02876', 'PF01123'];[[148,254],[56,139]]
Q48UZ7;['PF01123', 'PF02876'];[[35,113],[124,229]]
Q4ZJR6;['PF02876', 'PF01123'];[[86,190],[7,77]]
Q4ZJR7;['PF02876'];[[86,179]]
Q52075;['PF01123'];[[51,137]]
Q52T95;['PF02876', 'PF01123'];[[94,213],[31,83]]
Q52T97;['PF01123', 'PF02876'];[[3,75],[86,205]]
Q52TA2;['PF02876', 'PF01123'];[[118,222],[16,106]]
Q53678;['PF01123', 'PF02876'];[[23,117],[133,234]]
Q54512;['PF02876', 'PF01123'];[[111,205],[19,98]]
Q54696;['PF02876', 'PF01123'];[[137,232],[42,127]]
Q54738;['PF02876', 'PF01123'];[[154,257],[49,141]]
Q54779;['PF01123', 'PF02876'];[[42,127],[137,233]]
Q54971;['PF01123', 'PF02876'];[[49,141],[154,257]]
Q56D03;['PF02876'];[[86,179]]
Q56D04;['PF02876'];[[84,177]]
Q56D15;['PF02876'];[[84,178]]
Q57453;['PF01123', 'PF02876'];[[42,127],[137,233]]
Q5D1J9;['PF01123', 'PF02876'];[[32,107],[118,237]]
Q5D1K4;['PF01123', 'PF02876'];[[49,139],[151,255]]
Q5D1K7;['PF01123', 'PF02876'];[[49,139],[151,253]]
Q5MAA8;['PF01123', 'PF02876'];[[34,131],[143,245]]
Q5MAB7;['PF01123', 'PF02876'];[[23,120],[132,234]]
Q5PSP6;['PF01123', 'PF02876'];[[52,140],[150,257]]
Q5Q043;['PF01123', 'PF02876'];[[9,92],[101,207]]
Q5Q044;['PF02876', 'PF01123'];[[101,207],[9,92]]
Q5X9R9;['PF01123', 'PF02876'];[[58,141],[150,256]]
Q5XCI7;['PF02876', 'PF01123'];[[150,253],[55,140]]
Q5XE11;['PF02876'];[[5,93]]
Q6DTL1;['PF02876'];[[86,179]]
Q6DTL3;['PF01123', 'PF02876'];[[7,77],[86,181]]
Q6DTL4;['PF02876'];[[83,178]]
Q6DTL5;['PF02876'];[[86,181]]
Q6LD36;['PF02876', 'PF01123'];[[111,205],[19,98]]
Q6R1Y7;['PF01123', 'PF02876'];[[5,51],[62,177]]
Q6R2F8;['PF02876', 'PF01123'];[[48,163],[2,38]]
Q6R2F9;['PF02876', 'PF01123'];[[44,152],[1,33]]
Q6R2G0;['PF02876', 'PF01123'];[[48,154],[3,38]]
Q6R2G1;['PF01123', 'PF02876'];[[2,46],[58,159]]
Q6ST49;['PF02876', 'PF01123'];[[133,234],[23,117]]
Q6VAM8;['PF02876', 'PF01123'];[[134,235],[45,122]]
Q6VBI7;['PF01123', 'PF02876'];[[33,116],[125,231]]
Q6XXM3;['PF02876', 'PF01123'];[[157,258],[41,137]]
Q6XXM4;['PF01123', 'PF02876'];[[41,137],[157,258]]
Q6XXM5;['PF01123', 'PF02876'];[[41,137],[157,258]]
Q6XZE6;['PF02876', 'PF01123'];[[124,220],[15,112]]
Q6XZE7;['PF02876', 'PF01123'];[[126,220],[16,110]]
Q6XZE8;['PF02876', 'PF01123'];[[125,214],[15,109]]
Q6XZE9;['PF01123', 'PF02876'];[[18,106],[116,219]]
Q6YCN2;['PF01123', 'PF02876'];[[49,139],[151,195]]
Q711S9;['PF02876'];[[1,86]]
Q71US9;['PF02876', 'PF01123'];[[98,153],[6,85]]
Q764P6;['PF02876', 'PF01123'];[[159,261],[50,144]]
Q76FM2;['PF01123', 'PF02876'];[[35,115],[132,231]]
Q76FM3;['PF01123', 'PF02876'];[[35,115],[132,231]]
Q76FM5;['PF02876', 'PF01123'];[[132,231],[35,115]]
Q76FM8;['PF01123', 'PF02876'];[[35,115],[132,231]]
Q76LS7;['PF01123', 'PF02876'];[[49,137],[147,254]]
Q79AQ0;['PF02876', 'PF01123'];[[137,209],[42,127]]
Q79IV2;['PF02876', 'PF01123'];[[151,255],[49,139]]
Q7BTR4;['PF02876', 'PF01123'];[[98,153],[6,85]]
Q7WS59;['PF01123', 'PF02876'];[[49,139],[151,255]]
Q7WY99;['PF02876', 'PF01123'];[[100,206],[8,91]]
Q7WYA3;['PF02876', 'PF01123'];[[125,181],[10,98]]
Q7WYA4;['PF01123', 'PF02876'];[[10,98],[125,181]]
Q7WYA6;['PF01123'];[[10,98]]
Q7X0E6;['PF02876', 'PF01123'];[[118,237],[32,107]]
Q7X0E7;['PF01123', 'PF02876'];[[32,107],[118,236]]
Q849U3;['PF01123', 'PF02876'];[[24,113],[123,211]]
Q849U4;['PF02876', 'PF01123'];[[145,218],[30,118]]
Q8L3E1;['PF01123', 'PF02876'];[[34,123],[150,231]]
Q8NKX2;['PF02876', 'PF01123'];[[131,233],[39,118]]
Q8RR75;['PF02876', 'PF01123'];[[94,213],[8,83]]
Q8RR76;['PF01123', 'PF02876'];[[21,98],[110,211]]
Q8RR77;['PF02876', 'PF01123'];[[126,230],[24,114]]
Q8VLW7;['PF01123', 'PF02876'];[[46,122],[132,251]]
Q936G4;['PF01123', 'PF02876'];[[47,143],[169,256]]
Q938P4;['PF01123', 'PF02876'];[[30,115],[125,220]]
Q93RR9;['PF01123', 'PF02876'];[[35,115],[132,231]]
Q99XW1;['PF02876', 'PF01123'];[[125,231],[33,116]]
Q9EZM3;['PF02876', 'PF01123'];[[151,255],[49,139]]
Q9EZM5;['PF02876'];[[17,105]]
Q9EZM7;['PF01123', 'PF02876'];[[28,105],[115,234]]
Q9EZM8;['PF01123', 'PF02876'];[[69,143],[155,260]]
Q9F0L6;['PF02876', 'PF01123'];[[165,266],[55,149]]
Q9K2G9;['PF02876', 'PF01123'];[[108,207],[11,91]]
Q9L921;['PF02876', 'PF01123'];[[101,220],[8,92]]
Q9LAC3;['PF01123', 'PF02876'];[[9,92],[101,207]]
Q9LAC4;['PF02876', 'PF01123'];[[101,207],[9,92]]
Q9LAC5;['PF02876', 'PF01123'];[[101,207],[9,92]]
Q9LAC6;['PF01123', 'PF02876'];[[9,92],[101,207]]
Q9LAC8;['PF01123', 'PF02876'];[[9,92],[101,207]]
Q9LAC9;['PF02876', 'PF01123'];[[101,207],[9,92]]
Q9LAD0;['PF02876'];[[101,207]]
Q9LAD1;['PF02876', 'PF01123'];[[101,207],[9,92]]
Q9LAD2;['PF02876', 'PF01123'];[[101,207],[9,92]]
Q9LAD3;['PF02876', 'PF01123'];[[101,207],[9,92]]
Q9LAD4;['PF01123', 'PF02876'];[[9,92],[101,207]]
Q9LAD5;['PF01123', 'PF02876'];[[9,92],[101,207]]
Q9LAD8;['PF01123', 'PF02876'];[[9,92],[101,207]]
Q9LAD9;['PF02876', 'PF01123'];[[101,207],[9,92]]
Q9LAE0;['PF01123', 'PF02876'];[[9,92],[101,207]]
Q9LAE1;['PF01123', 'PF02876'];[[9,92],[101,207]]
Q9RN33;['PF02876', 'PF09199'];[[154,203],[44,126]]
Q9RQQ5;['PF01123', 'PF02876'];[[9,92],[101,207]]
Q9S1H8;['PF01123', 'PF02876'];[[56,139],[152,254]]
Q9S1H9;['PF01123', 'PF02876'];[[56,139],[156,254]]
Q9X5C7;['PF01123', 'PF02876'];[[35,115],[132,231]]
Q9X9R8;['PF02876', 'PF01123'];[[156,254],[56,139]]
Q9ZNF2;['PF01123', 'PF02876'];[[49,139],[151,255]]
S5TIL4;['PF01123', 'PF02876'];[[64,153],[164,250]]
S5TQU4;['PF02876', 'PF01123'];[[131,234],[36,117]]
S5U857;['PF02876', 'PF01123'];[[152,214],[52,139]]
T1Y9I3;['PF02876', 'PF01123'];[[148,253],[62,136]]
U2U9X0;['PF01123', 'PF02876'];[[35,113],[124,229]]
U2UYB3;['PF02876', 'PF01123'];[[124,223],[27,107]]
U2VI48;['PF02876', 'PF01123'];[[154,257],[49,141]]
U2VLG0;['PF02876', 'PF01123'];[[131,233],[39,118]]
V5YRW3;['PF02876', 'PF01123'];[[169,256],[47,143]]
